Datetime,Water Level (m)
2025-11-27 12:00:00,-0.019971045
2025-11-27 13:00:00,-0.023252707
2025-11-27 14:00:00,-0.020968955
2025-11-27 15:00:00,-0.014099411
2025-11-27 16:00:00,-0.005530511
2025-11-27 17:00:00,0.0016940007
2025-11-27 18:00:00,0.004363461
2025-11-27 19:00:00,0.0023675838
2025-11-27 20:00:00,-0.003583408
2025-11-27 21:00:00,-0.012204746
2025-11-27 22:00:00,-0.022542436
2025-11-27 23:00:00,-0.03238919
2025-11-28 00:00:00,-0.03785707
2025-11-28 01:00:00,-0.036726363
2025-11-28 02:00:00,-0.02880256
2025-11-28 03:00:00,-0.016616946
2025-11-28 04:00:00,-0.0024564667
2025-11-28 05:00:00,0.010721891
2025-11-28 06:00:00,0.01946433
2025-11-28 07:00:00,0.022634013
2025-11-28 08:00:00,0.020757012
2025-11-28 09:00:00,0.014841067
2025-11-28 10:00:00,0.0064759473
2025-11-28 11:00:00,-0.0034189753
2025-11-28 12:00:00,-0.01314801
2025-11-28 13:00:00,-0.01998549
2025-11-28 14:00:00,-0.021482538
2025-11-28 15:00:00,-0.016846353
2025-11-28 16:00:00,-0.0073914044
2025-11-28 17:00:00,0.00416049
2025-11-28 18:00:00,0.014925203
2025-11-28 19:00:00,0.021542095
2025-11-28 20:00:00,0.022842737
2025-11-28 21:00:00,0.019729132
2025-11-28 22:00:00,0.0136871375
2025-11-28 23:00:00,0.0059294733
2025-11-29 00:00:00,-0.0018830006
2025-11-29 01:00:00,-0.0062970053
2025-11-29 02:00:00,-0.0047627925
2025-11-29 03:00:00,0.0032353804
2025-11-29 04:00:00,0.015916506
2025-11-29 05:00:00,0.030640397
2025-11-29 06:00:00,0.044793375
2025-11-29 07:00:00,0.05442876
2025-11-29 08:00:00,0.058654454
2025-11-29 09:00:00,0.05760522
2025-11-29 10:00:00,0.052653823
2025-11-29 11:00:00,0.045090098
2025-11-29 12:00:00,0.035513975
2025-11-29 13:00:00,0.025089806
2025-11-29 14:00:00,0.016759444
2025-11-29 15:00:00,0.014006969
2025-11-29 16:00:00,0.018308587
2025-11-29 17:00:00,0.028620597
2025-11-29 18:00:00,0.042003546
2025-11-29 19:00:00,0.055219624
2025-11-29 20:00:00,0.064703725
2025-11-29 21:00:00,0.06836029
2025-11-29 22:00:00,0.06717443
2025-11-29 23:00:00,0.062020622
2025-11-30 00:00:00,0.054764606
2025-11-30 01:00:00,0.04664437
2025-11-30 02:00:00,0.040557064
2025-11-30 03:00:00,0.03997547
2025-11-30 04:00:00,0.04591527
2025-11-30 05:00:00,0.057561874
2025-11-30 06:00:00,0.07185289
2025-11-30 07:00:00,0.085767776
2025-11-30 08:00:00,0.095885515
2025-11-30 09:00:00,0.09982876
2025-11-30 10:00:00,0.098346755
2025-11-30 11:00:00,0.09272209
2025-11-30 12:00:00,0.08431649
2025-11-30 13:00:00,0.07371853
2025-11-30 14:00:00,0.06280058
2025-11-30 15:00:00,0.055431984
2025-11-30 16:00:00,0.052895535
2025-11-30 17:00:00,0.057959285
2025-11-30 18:00:00,0.069733985
2025-11-30 19:00:00,0.085143395
2025-11-30 20:00:00,0.100666575
2025-11-30 21:00:00,0.11482066
2025-11-30 22:00:00,0.12136647
2025-11-30 23:00:00,0.12189129
2025-12-01 00:00:00,0.11822199
2025-12-01 01:00:00,0.111867845
2025-12-01 02:00:00,0.104057655
2025-12-01 03:00:00,0.097207434
2025-12-01 04:00:00,0.09482631
2025-12-01 05:00:00,0.09930004
2025-12-01 06:00:00,0.11049241
2025-12-01 07:00:00,0.12538292
2025-12-01 08:00:00,0.14036626
2025-12-01 09:00:00,0.15107049
2025-12-01 10:00:00,0.15541877
2025-12-01 11:00:00,0.15438898
2025-12-01 12:00:00,0.1495008
2025-12-01 13:00:00,0.1415198
2025-12-01 14:00:00,0.13131924
2025-12-01 15:00:00,0.120124474
2025-12-01 16:00:00,0.11151182
2025-12-01 17:00:00,0.10909647
2025-12-01 18:00:00,0.1162764
2025-12-01 19:00:00,0.13320787
2025-12-01 20:00:00,0.15196644
2025-12-01 21:00:00,0.16978137
2025-12-01 22:00:00,0.18296656
2025-12-01 23:00:00,0.18855444
2025-12-02 00:00:00,0.18821238
2025-12-02 01:00:00,0.1839087
2025-12-02 02:00:00,0.17677417
2025-12-02 03:00:00,0.16754416
2025-12-02 04:00:00,0.15883256
2025-12-02 05:00:00,0.15441972
2025-12-02 06:00:00,0.15752448
2025-12-02 07:00:00,0.16916369
2025-12-02 08:00:00,0.18613583
2025-12-02 09:00:00,0.20197076
2025-12-02 10:00:00,0.21292917
2025-12-02 11:00:00,0.21614976
2025-12-02 12:00:00,0.21374965
2025-12-02 13:00:00,0.20764603
2025-12-02 14:00:00,0.19872509
2025-12-02 15:00:00,0.18761647
2025-12-02 16:00:00,0.1758485
2025-12-02 17:00:00,0.1668626
2025-12-02 18:00:00,0.16498491
2025-12-02 19:00:00,0.17516749
2025-12-02 20:00:00,0.1942569
2025-12-02 21:00:00,0.21596523
2025-12-02 22:00:00,0.2353111
2025-12-02 23:00:00,0.2492838
2025-12-03 00:00:00,0.25501418
2025-12-03 01:00:00,0.25422212
2025-12-03 02:00:00,0.24902162
2025-12-03 03:00:00,0.24121182
2025-12-03 04:00:00,0.23129082
2025-12-03 05:00:00,0.22131747
2025-12-03 06:00:00,0.21524057
2025-12-03 07:00:00,0.21674997
2025-12-03 08:00:00,0.22864942
2025-12-03 09:00:00,0.24517752
2025-12-03 10:00:00,0.25944814
2025-12-03 11:00:00,0.26798674
2025-12-03 12:00:00,0.26880985
